<application>
  <component name="AppStorage">
    <histories>
      <item value="set Context Menu Policy" />
      <item value="Q Brush" />
      <item value="margin" />
      <item value="set Edit Triggers" />
      <item value="set Section Resize Mode" />
      <item value="set Edit Strategy" />
      <item value="Customize Window Hint" />
      <item value="paint Event" />
      <item value="popup" />
      <item value="Window Stays On Top Hint" />
      <item value="set Calendar Popup" />
      <item value="partial" />
      <item value="hello" />
      <item value="emit" />
      <item value="stretch" />
      <item value="on Factorial" />
      <item value="Frameless Window Hint" />
      <item value="Splash Screen" />
      <item value="palette" />
      <item value="set Central Widget" />
      <item value="expand All" />
      <item value="Colours" />
      <item value="triggered" />
      <item value="horizontal" />
      <item value="Horizontal" />
      <item value="Popup" />
      <item value="square" />
      <item value="toggle" />
      <item value="Palette" />
      <item value="GtkDialog mapped without a transient parent. This is discouraged." />
      <item value="整数" />
      <item value="Warnning" />
      <item value="set Alignment" />
      <item value="Tick Position" />
      <item value="Tick" />
      <item value="concatenate" />
      <item value="set Tristate" />
      <item value="Tri State" />
      <item value="Tristate" />
      <item value="amend" />
      <item value="below" />
      <item value="Hit" />
      <item value="set Notation" />
      <item value="Q Double Validator" />
      <item value="Standard Notation" />
      <item value="alphabet" />
      <item value="Letter" />
      <item value="字母" />
      <item value="validator" />
      <item value="Form" />
    </histories>
    <option name="languageScores">
      <map>
        <entry key="CHINESE" value="75" />
        <entry key="ENGLISH" value="76" />
        <entry key="WELSH" value="1" />
      </map>
    </option>
  </component>
  <component name="Settings">
    <option name="baiduTranslateSettings">
      <app-key>
        <option name="appId" value="20200507000442397" />
      </app-key>
    </option>
    <option name="googleTranslateSettings">
      <google-translate>
        <option name="primaryLanguage" value="CHINESE" />
      </google-translate>
    </option>
    <option name="ignoreRegExp" value="" />
    <option name="overrideFont" value="true" />
    <option name="primaryFontFamily" value="Ubuntu" />
    <option name="targetLanguageSelection" value="LAST" />
    <option name="youdaoTranslateSettings">
      <youdao-translate>
        <option name="appId" value="2398c4c5ecedae55 " />
      </youdao-translate>
    </option>
  </component>
</application>